{"cameraMode":{"drawMode":0,"name":"Shaded","section":"Shading Mode"},"sceneLighting":true,"audioPlay":false,"sceneViewState":{"showFog":true,"showMaterialUpdate":false,"showSkybox":true,"showFlares":true,"showImageEffects":true,"showParticleSystems":true},"in2DMode":false,"pivot":{"x":-7.454471588134766,"y":22.856054306030275,"z":191.98976135253907},"rotation":{"x":0.17448954284191132,"y":0.4792649745941162,"z":-0.09841623902320862,"w":0.8547398447990418},"size":90.51609802246094,"orthographic":false}