{"cameraMode":{"drawMode":0,"name":"Shaded","section":"Shading Mode"},"sceneLighting":false,"audioPlay":false,"sceneViewState":{"showFog":true,"showMaterialUpdate":false,"showSkybox":true,"showFlares":true,"showImageEffects":true,"showParticleSystems":true},"in2DMode":false,"pivot":{"x":-82.29761505126953,"y":-497.8600158691406,"z":377.3856201171875},"rotation":{"x":-0.4423448145389557,"y":0.09283535182476044,"z":-0.0459929034113884,"w":-0.8909807205200195},"size":657.4418334960938,"orthographic":false}