{"cameraMode":{"drawMode":0,"name":"Shaded","section":"Shading Mode"},"sceneLighting":false,"audioPlay":false,"sceneViewState":{"showFog":true,"showMaterialUpdate":false,"showSkybox":true,"showFlares":true,"showImageEffects":true,"showParticleSystems":true},"in2DMode":false,"pivot":{"x":-3.8465006351470949,"y":6.427650451660156,"z":4.068443775177002},"rotation":{"x":0.03697040677070618,"y":0.5516756176948547,"z":0.02454664185643196,"w":-0.8329271078109741},"size":21.937835693359376,"orthographic":false}