{"cameraMode":{"drawMode":0,"name":"Shaded","section":"Shading Mode"},"sceneLighting":true,"audioPlay":false,"sceneViewState":{"showFog":true,"showMaterialUpdate":false,"showSkybox":true,"showFlares":true,"showImageEffects":true,"showParticleSystems":true},"in2DMode":false,"pivot":{"x":-1.761906623840332,"y":4.921489238739014,"z":4.730678081512451},"rotation":{"x":0.12130561470985413,"y":0.36198723316192629,"z":-0.047983359545469287,"w":0.9232054948806763},"size":10.735642433166504,"orthographic":false}