{"cameraMode":{"drawMode":0,"name":"Shaded","section":"Shading Mode"},"sceneLighting":true,"audioPlay":false,"sceneViewState":{"showFog":true,"showMaterialUpdate":false,"showSkybox":true,"showFlares":true,"showImageEffects":true,"showParticleSystems":true},"in2DMode":false,"pivot":{"x":-6.3061347007751469,"y":43.13832473754883,"z":61.909889221191409},"rotation":{"x":-0.0754590705037117,"y":-0.9074329733848572,"z":0.3624145984649658,"w":-0.20235273241996766},"size":22.0,"orthographic":false}