{"cameraMode":{"drawMode":0,"name":"Shaded","section":"Shading Mode"},"sceneLighting":false,"audioPlay":false,"sceneViewState":{"showFog":true,"showMaterialUpdate":false,"showSkybox":true,"showFlares":true,"showImageEffects":true,"showParticleSystems":true},"in2DMode":false,"pivot":{"x":49.92454528808594,"y":-1.5766754150390626,"z":21.23682403564453},"rotation":{"x":-0.17300647497177125,"y":-0.1232675164937973,"z":0.021563896909356118,"w":-0.97716224193573},"size":75.88763427734375,"orthographic":false}