{"cameraMode":{"drawMode":0,"name":"Shaded","section":"Shading Mode"},"sceneLighting":false,"audioPlay":false,"sceneViewState":{"showFog":true,"showMaterialUpdate":false,"showSkybox":true,"showFlares":true,"showImageEffects":true,"showParticleSystems":true},"in2DMode":false,"pivot":{"x":-1.7449895143508912,"y":13.412384986877442,"z":-6.057025909423828},"rotation":{"x":0.30541542172431948,"y":-0.1490575671195984,"z":0.04737016558647156,"w":0.9394800066947937},"size":7.192183494567871,"orthographic":false}