{"cameraMode":{"drawMode":0,"name":"Shaded","section":"Shading Mode"},"sceneLighting":false,"audioPlay":false,"sceneViewState":{"showFog":true,"showMaterialUpdate":false,"showSkybox":true,"showFlares":true,"showImageEffects":true,"showParticleSystems":true},"in2DMode":false,"pivot":{"x":377.109619140625,"y":-382.4884338378906,"z":-529.1941528320313},"rotation":{"x":-0.0655394196510315,"y":-0.932102382183075,"z":0.2840394079685211,"w":-0.21496990323066712},"size":741.3328857421875,"orthographic":false}