{"cameraMode":{"drawMode":0,"name":"Shaded","section":"Shading Mode"},"sceneLighting":true,"audioPlay":false,"sceneViewState":{"showFog":true,"showMaterialUpdate":false,"showSkybox":true,"showFlares":true,"showImageEffects":true,"showParticleSystems":true},"in2DMode":false,"pivot":{"x":34.26639938354492,"y":8.360289573669434,"z":-34.434566497802737},"rotation":{"x":0.2180776447057724,"y":-0.02338818646967411,"z":0.005233624018728733,"w":0.975645124912262},"size":4.180422306060791,"orthographic":false}